"Други","1"
"Integra","2"
"Mdx","2"
"Rl","2"
"Rsx","2"
"Slx","2"
"Tl","2"
"Tsx","2"
"400","3"
"505","3"
"600","3"
"145","4"
"146","4"
"147","4"
"155","4"
"156","4"
"156 sportwagon","4"
"159","4"
"159 sportwagon","4"
"164","4"
"166","4"
"33","4"
"75","4"
"76","4"
"8C Competizione","4"
"90","4"
"Alfetta","4"
"Brera","4"
"Crosswagon q4","4"
"Giulia","4"
"Giulietta","4"
"Gt","4"
"Gtv","4"
"MiTo","4"
"Spider","4"
"Sprint","4"
"Sud","4"
"DBS","5"
"Db7","5"
"Db9","5"
"Rapide","5"
"V12 Vantage","5"
"V8 Vantage","5"
"Vanquish","5"
"100","6"
"200","6"
"50","6"
"60","6"
"80","6"
"90","6"
"A1","6"
"A2","6"
"A3","6"
"A4","6"
"A5","6"
"A6","6"
"A7","6"
"A8","6"
"Allroad","6"
"R8","6"
"Rs3","6"
"Rs4","6"
"Rs5","6"
"Rs6","6"
"Rs7","6"
"S2","6"
"S3","6"
"S4","6"
"S5","6"
"S6","6"
"S7","6"
"S8","6"
"Tt","6"
"Allegro","7"
"Ambassador","7"
"Maestro","7"
"Maxi","7"
"Metro","7"
"Mg","7"
"Mini","7"
"Montego","7"
"Princess","7"
"Arnage","8"
"Azure","8"
"Continental","8"
"Continental gt","8"
"Flying Spur","8"
"GT Convertible","8"
"Mulsanne","8"
"T-series","8"
"Coupe","9"
"1","10"
"114","10"
"116","10"
"118","10"
"120","10"
"123","10"
"125","10"
"130","10"
"135","10"
"1500","10"
"1600","10"
"1602","10"
"1800","10"
"2","10"
"2 Active Tourer","10"
"2000","10"
"2002","10"
"220 d","10"
"228","10"
"2800","10"
"3","10"
"315","10"
"316","10"
"318","10"
"320","10"
"323","10"
"324","10"
"325","10"
"328","10"
"330","10"
"335","10"
"3gt","10"
"4","10"
"420","10"
"428","10"
"430","10"
"435","10"
"5","10"
"5 Gran Turismo","10"
"501","10"
"518","10"
"520","10"
"523","10"
"524","10"
"525","10"
"528","10"
"530","10"
"535","10"
"540","10"
"545","10"
"550","10"
"5GT","10"
"6","10"
"628","10"
"630","10"
"633","10"
"635","10"
"640","10"
"645","10"
"650","10"
"7","10"
"700","10"
"721","10"
"723","10"
"725","10"
"728","10"
"730","10"
"732","10"
"733","10"
"735","10"
"740","10"
"745","10"
"750","10"
"760","10"
"840","10"
"850","10"
"Izetta","10"
"M","10"
"M Coupе","10"
"M135","10"
"M2","10"
"M3","10"
"M4","10"
"M5","10"
"M6","10"
"Z1","10"
"Z3","10"
"Z4","10"
"Z8","10"
"i3","10"
"i8","10"
"Hansa","11"
"BC3","12"
"BS2 ","12"
"BS4","12"
"BS6","12"
"Dolphin","12"
"FRV","12"
"FSV","12"
"H220","12"
"H230","12"
"H320","12"
"H330","12"
"H530","12"
"Chiron","13"
"Veyron","13"
"Electra","14"
"Invicta","14"
"Park avenue","14"
"Regal","14"
"Skylark","14"
"Skyline","14"
"Allante","15"
"BLS","15"
"Brougham","15"
"Cts","15"
"Deville","15"
"Eldorado","15"
"Fleetwood","15"
"STS","15"
"Seville","15"
"Srx","15"
"Xlr","15"
"Alero","16"
"Astro","16"
"Aveo","16"
"Beretta","16"
"Camaro","16"
"Caprice","16"
"Cavalier","16"
"Cobalt","16"
"Corvette","16"
"Cruze","16"
"Epica","16"
"Evanda","16"
"Hhr","16"
"Impala","16"
"Kalos","16"
"Lacetti","16"
"Lumina","16"
"Malibu","16"
"Matiz","16"
"Nova","16"
"Nubira","16"
"Orlando","16"
"Rezzo","16"
"Silverado","16"
"Spark","16"
"Ssr","16"
"Tacuma","16"
"Transsport","16"
"Volt","16"
"300c","17"
"300m","17"
"Crossfire","17"
"Daytona","17"
"Es","17"
"Gr.voyager","17"
"Gts","17"
"Interpid","17"
"Lebaron","17"
"Neon","17"
"New yorker","17"
"Pacifica","17"
"Pt cruiser","17"
"Saratoga","17"
"Sebring","17"
"Stratus","17"
"Vision","17"
"Voyager","17"
"2cv","18"
"Ax","18"
"Axel","18"
"Berlingo","18"
"Bx","18"
"C - Zero","18"
"C-Elysee","18"
"C1","18"
"C15","18"
"C2","18"
"C3","18"
"C3 Picasso","18"
"C3 pluriel","18"
"C4","18"
"C4 Cactus","18"
"C4 Picasso","18"
"C5","18"
"C6","18"
"C8","18"
"Cx","18"
"DS3","18"
"DS4","18"
"DS5","18"
"Ds","18"
"Evasion","18"
"Grand C4 Picasso","18"
"Gsa","18"
"Gx","18"
"Ln","18"
"Nemo","18"
"Oltcit","18"
"Saxo","18"
"Visa","18"
"Xantia","18"
"Xm","18"
"Xsara","18"
"Xsara picasso","18"
"Zx","18"
"C06 Convertible","19"
"C06 Coupe","19"
"Powa","19"
"Z06","19"
"1100","20"
"1300","20"
"1304","20"
"1307","20"
"1310","20"
"1350","20"
"Dokker","20"
"Liberta","20"
"Lodgy","20"
"Logan","20"
"Nova","20"
"Pickup","20"
"Sandero","20"
"Solenza","20"
"Ace","21"
"Chairman","21"
"Cielo","21"
"Espero","21"
"Evanda","21"
"Fso","21"
"Kalos","21"
"Lacetti","21"
"Lanos","21"
"Leganza","21"
"Magnus","21"
"Matiz","21"
"Nexia","21"
"Nubira","21"
"Prince","21"
"Racer","21"
"Rezzo","21"
"Super","21"
"Tacuma","21"
"Tico","21"
"Applause","22"
"Charade","22"
"Charmant","22"
"Copen","22"
"Cuore","22"
"Gran move","22"
"Hijet","22"
"Materia","22"
"Move","22"
"Sharade","22"
"Sirion","22"
"Trevis","22"
"Yrv","22"
"Double six","23"
"Six","23"
"Sovereign","23"
"Bluebird","24"
"Cherry","24"
"Stanza","24"
"F102","25"
"Avenger","26"
"Caliber","26"
"Caravan","26"
"Challenger","26"
"Charger","26"
"Coronet","26"
"Daytona","26"
"Interpid","26"
"Journey","26"
"Magnum","26"
"Neon","26"
"Ram","26"
"Shadow","26"
"Stealth","26"
"Stratus","26"
"Viper","26"
"1","27"
"2","27"
"3","27"
"Premire","28"
"Talon","28"
"Vision","28"
"Polonez","29"
"308","30"
"348","30"
"360 modena","30"
"360 spider","30"
"458 Italia","30"
"488","30"
"599","30"
"California","30"
"Enzo","30"
"F12berlinetta","30"
"F430","30"
"F456m","30"
"F575m maranello","30"
"F612 scaglietti","30"
"FF","30"
"LaFerrari","30"
"Mondial 8","30"
"Testarossa","30"
"1100","31"
"124","31"
"125","31"
"126","31"
"127","31"
"128","31"
"131","31"
"132","31"
"1400","31"
"1500","31"
"1800","31"
"500","31"
"500L","31"
"600","31"
"650","31"
"750","31"
"Albea","31"
"Argenta","31"
"Barchetta","31"
"Bertone","31"
"Brava","31"
"Bravo","31"
"Cinquecento","31"
"Coupe","31"
"Croma","31"
"Doblo","31"
"Duna","31"
"Fiorino","31"
"Idea","31"
"Linea","31"
"Marea","31"
"Multipla","31"
"Palio","31"
"Panda","31"
"Punto","31"
"Qubo","31"
"Regata","31"
"Ritmo","31"
"Scudo","31"
"Sedici","31"
"Seicento","31"
"Siena","31"
"Stilo","31"
"Strada","31"
"Tempra","31"
"Tipo","31"
"Topolino","31"
"Ulysse","31"
"Uno","31"
"12m","32"
"15m","32"
"17m","32"
"20m","32"
"Aerostar","32"
"B-Max","32"
"C-max","32"
"Capri","32"
"Connect","32"
"Consul","32"
"Cortina","32"
"Cosworth","32"
"Cougar","32"
"Countur","32"
"Courier","32"
"Crown victoria","32"
"Ecoline","32"
"Escort","32"
"Fiesta","32"
"Focus","32"
"Fusion","32"
"Galaxy","32"
"Granada","32"
"Ka","32"
"Mondeo","32"
"Mustang","32"
"Orion","32"
"Probe","32"
"Puma","32"
"Rs","32"
"S-Max","32"
"Scorpio","32"
"Sierra","32"
"Sportka","32"
"Streetka","32"
"Taunus","32"
"Taurus","32"
"Thunderbird","32"
"Windstar","32"
"Zephyr","32"
"Metro","33"
"Prizm","33"
"Storm","33"
"Voleex C10","34"
"Voleex C30","34"
"Тrojan","35"
"Accord","36"
"Cbr","36"
"Cbx","36"
"City","36"
"Civic","36"
"Civic ballade","36"
"Concerto","36"
"Cr-v","36"
"Crx","36"
"Crz","36"
"Fit","36"
"Fr-v","36"
"Hr-v","36"
"Insight","36"
"Integra","36"
"Jazz","36"
"Legend","36"
"Logo","36"
"Nsx","36"
"Odyssey","36"
"Prelude","36"
"Quintet","36"
"S2000","36"
"Shuttle","36"
"Stream","36"
"Accent","37"
"Atos","37"
"Coupe","37"
"Elantra","37"
"Excel","37"
"Genesis","37"
"Getz","37"
"Grace","37"
"Grandeur","37"
"I10","37"
"I20","37"
"I30","37"
"I40","37"
"Ix20","37"
"Lantra","37"
"Matrix","37"
"Pony","37"
"Porter","37"
"S","37"
"Santamo","37"
"Sonata","37"
"Sonica","37"
"Stelar","37"
"Tb","37"
"Trajet","37"
"Veloster ","37"
"Xg","37"
"F9","38"
"Fx45","39"
"G","39"
"G coupe","39"
"G sedan","39"
"I","39"
"J","39"
"M","39"
"Q","39"
"Mini","40"
"Gemini","41"
"Piazza","41"
"Pickup","41"
"Daimler","42"
"Daimler double six","42"
"Daimler six","42"
"F-Type","42"
"S-type","42"
"Sovereign","42"
"Super v8","42"
"X-type","42"
"XE","42"
"Xf","42"
"Xj","42"
"Xjr","42"
"Xjs","42"
"Xjsc","42"
"Xk8","42"
"Xkr","42"
"Avella delta","43"
"Cadenza","43"
"Carens","43"
"Carnival","43"
"Ceed","43"
"Cerato","43"
"Clarus","43"
"Joecs","43"
"Joyce","43"
"Magentis","43"
"Niro","43"
"Opirus","43"
"Optima","43"
"Picanto","43"
"Pride","43"
"Pro ceed","43"
"Quoris","43"
"Rio","43"
"Sephia","43"
"Shuma","43"
"Soul","43"
"Spectra","43"
"Venga","43"
"1200","44"
"1300","44"
"1500","44"
"1600","44"
"2101","44"
"21011","44"
"21012","44"
"21013","44"
"21015","44"
"2102","44"
"2103","44"
"2104","44"
"21043","44"
"2105","44"
"21051","44"
"21053","44"
"2106","44"
"21061","44"
"21063","44"
"2107","44"
"21074","44"
"2108","44"
"21083","44"
"2109","44"
"21093","44"
"21099","44"
"2110","44"
"21213","44"
"Granta","44"
"Kalina","44"
"Nova","44"
"Oka","44"
"Priora","44"
"Samara","44"
"Aventador","45"
"Countach","45"
"Diablo","45"
"Gallardo","45"
"Huracan","45"
"Murcielago","45"
"Reventon","45"
"Veneno","45"
"A112","46"
"Aurelia","46"
"Beta","46"
"Dedra","46"
"Delta","46"
"Kappa","46"
"Lybra","46"
"Musa","46"
"Phedra","46"
"Prisma","46"
"Thema","46"
"Thesis","46"
"Unior","46"
"Y","46"
"Y10","46"
"Ypsilon","46"
"Zeta","46"
"CT200h","47"
"Es","47"
"Gs","47"
"Is","47"
"LFA","47"
"Ls","47"
"RC","47"
"Sc","47"
"LF1010","48"
"LF320","48"
"LF520","48"
"LF620","48"
"LF6361","48"
"LF7130","48"
"LF7160","48"
"Continental","49"
"Ls","49"
"Mark","49"
"Mkz","49"
"Town car","49"
"Zephyr","49"
"Elise","50"
"Europe","50"
"Evora","50"
"Exige","50"
"3200 gt","51"
"Biturbo","51"
"Coupe gt","51"
"Ghibli","51"
"GranCabrio","51"
"GranTurismo","51"
"Gransport","51"
"Quattroporte","51"
"Spyder","51"
"Zagato","51"
"Murena","52"
"Rancho","52"
"57","53"
"62","53"
"121","54"
"2","54"
"3","54"
"323","54"
"5","54"
"6","54"
"626","54"
"929","54"
"Demio","54"
"Mpv","54"
"Mx-3","54"
"Mx-5","54"
"Mx-6","54"
"Premacy","54"
"Rx-7","54"
"Rx-8","54"
"Tribute","54"
"Xedos","54"
"540C Coupe","55"
"570S Coupe","55"
"650S","55"
"675LT","55"
"F1","55"
"MP4-12C","55"
"P1","55"
"110","56"
"111","56"
"113","56"
"114","56"
"115","56"
"116","56"
"123","56"
"124","56"
"126","56"
"126-260","56"
"150","56"
"170","56"
"180","56"
"190","56"
"200","56"
"220","56"
"230","56"
"240","56"
"250","56"
"260","56"
"280","56"
"290","56"
"300","56"
"320","56"
"350","56"
"380","56"
"420","56"
"450","56"
"500","56"
"560","56"
"600","56"
"A","56"
"A 140","56"
"A 150","56"
"A 160","56"
"A 170","56"
"A 180","56"
"A 190","56"
"A 200","56"
"A 210","56"
"A 220","56"
"A 250","56"
"A45 AMG","56"
"AMG GT","56"
"AMG GT S","56"
"Adenauer","56"
"B","56"
"B 150","56"
"B 170","56"
"B 180","56"
"B 200","56"
"C","56"
"C 180","56"
"C 200","56"
"C 220","56"
"C 230","56"
"C 240","56"
"C 250","56"
"C 270","56"
"C 280","56"
"C 30 AMG","56"
"C 300","56"
"C 32 AMG","56"
"C 320","56"
"C 350","56"
"C 36 AMG","56"
"C 400","56"
"C 43 AMG","56"
"C 450 AMG","56"
"C 55 AMG","56"
"C 63 AMG","56"
"CL","56"
"CL 230","56"
"CL 320","56"
"CL 420","56"
"CL 500","56"
"CL 55 AMG","56"
"CL 600","56"
"CL 63 AMG","56"
"CL 65 AMG","56"
"CLA","56"
"CLA 180","56"
"CLA 200","56"
"CLA 220","56"
"CLA 250","56"
"CLA 45 AMG","56"
"CLC","56"
"CLC 160","56"
"CLC 180","56"
"CLC 200","56"
"CLC 220","56"
"CLC 230","56"
"CLC 250","56"
"CLC 350","56"
"CLK","56"
"CLK 55 AMG","56"
"CLK 63 AMG","56"
"CLS","56"
"CLS 250","56"
"CLS 300","56"
"CLS 320","56"
"CLS 350","56"
"CLS 500","56"
"CLS 55","56"
"CLS 55 AMG","56"
"CLS 63","56"
"CLS 63 AMG","56"
"Citan","56"
"E","56"
"E 200","56"
"E 220","56"
"E 230","56"
"E 240","56"
"E 250","56"
"E 260","56"
"E 270","56"
"E 280","56"
"E 290","56"
"E 300","56"
"E 320","56"
"E 350","56"
"E 36 AMG","56"
"E 400","56"
"E 420","56"
"E 430","56"
"E 50 AMG","56"
"E 500","56"
"E 55","56"
"E 55 AMG","56"
"E 60","56"
"E 60 AMG","56"
"E 63 AMG","56"
"GLA","56"
"GLA 180","56"
"GLA 200","56"
"GLA 220","56"
"GLA 250","56"
"GLA 45 AMG","56"
"R","56"
"R 280","56"
"R 300","56"
"R 320","56"
"R 350","56"
"R 500","56"
"R 63 AMG","56"
"S","56"
"S 250","56"
"S 280","56"
"S 300","56"
"S 320","56"
"S 350","56"
"S 400","56"
"S 420","56"
"S 430","56"
"S 450","56"
"S 500","56"
"S 55 AMG","56"
"S 550","56"
"S 600","56"
"S 63","56"
"S 63 AMG","56"
"S 65","56"
"S 65 AMG","56"
"SL","56"
"SL 55 AMG","56"
"SL 60 AMG","56"
"SL 63 AMG","56"
"SL 65 AMG","56"
"SLC","56"
"SLK","56"
"SLK 32 AMG","56"
"SLK 55 AMG","56"
"SLR","56"
"SLS","56"
"SLS AMG","56"
"Vaneo","56"
"Marauder","57"
"Milan","57"
"Monarch","57"
"Villager","57"
"Mga","58"
"Mgb","58"
"Mgf","58"
"Tf","58"
"Zr","58"
"Zs","58"
"Zt","58"
"Zt-t","58"
"Clubman","59"
"Cooper","59"
"Cooper cabrio","59"
"Cooper s","59"
"Cooper s cabrio","59"
"Coupe","59"
"D one","59"
"One","59"
"One cabrio","59"
"Paceman","59"
"3000 gt","60"
"Carisma","60"
"Colt","60"
"Cordia","60"
"Eclipse","60"
"Galant","60"
"Grandis","60"
"Lancer","60"
"Sapporo","60"
"Sigma","60"
"Space gear","60"
"Space runner","60"
"Space star","60"
"Space wagon","60"
"Starion","60"
"Tredia","60"
"Aero8","61"
"1360","62"
"1361","62"
"1500","62"
"2136","62"
"2138","62"
"2140","62"
"2141","62"
"21412","62"
"21417","62"
"2142","62"
"2715","62"
"401","62"
"403","62"
"407","62"
"408","62"
"412","62"
"426","62"
"427","62"
"503","62"
"Aleko","62"
"Иж","62"
"100 nx","63"
"200 sx","63"
"240 z","63"
"280 z","63"
"300 zx","63"
"350z","63"
"370Z","63"
"Almera","63"
"Almera tino","63"
"Altima","63"
"Bluebird","63"
"Cedric","63"
"Cherry","63"
"Cube","63"
"Figaro","63"
"Gt-r","63"
"Kubistar","63"
"Laurel","63"
"Leaf ","63"
"Maxima","63"
"Micra","63"
"Note","63"
"Pickup","63"
"Pixo","63"
"Prairie","63"
"Primera","63"
"Pulsar","63"
"Serena","63"
"Silvia","63"
"Skyline","63"
"Stantza","63"
"Sunny","63"
"Tiida","63"
"Versa","63"
"e-NV200","63"
"Achieva","64"
"Alero","64"
"Aurora","64"
"Bravada","64"
"Cutlass","64"
"Firenza","64"
"Intrigue","64"
"Regency","64"
"Silhouette","64"
"Toronado","64"
"Adam","65"
"Admiral","65"
"Agila","65"
"Ampera","65"
"Ascona","65"
"Astra","65"
"Calibra","65"
"Cascada","65"
"Combo","65"
"Commodore","65"
"Corsa","65"
"Diplomat","65"
"Gt","65"
"Insignia","65"
"Kadett","65"
"Kapitaen","65"
"Karl","65"
"Manta","65"
"Meriva","65"
"Monza","65"
"Omega","65"
"Rekord","65"
"Senator","65"
"Signum","65"
"Sintra","65"
"Speedster","65"
"Tigra","65"
"Vectra","65"
"Zafira","65"
"Kancil","66"
"Kelisa","66"
"Kembara","66"
"Kenari","66"
"Nippa","66"
"Rusa","66"
"1007","67"
"104","67"
"106","67"
"107","67"
"108","67"
"2008","67"
"202","67"
"204","67"
"205","67"
"206","67"
"207","67"
"208","67"
"3008","67"
"301","67"
"304","67"
"305","67"
"306","67"
"307","67"
"308","67"
"309","67"
"402","67"
"403","67"
"404","67"
"405","67"
"406","67"
"407","67"
"5008","67"
"504","67"
"505","67"
"508","67"
"604","67"
"605","67"
"607","67"
"806","67"
"807","67"
"Bipper","67"
"Partner","67"
"RCZ","67"
"Range","67"
"iOn","67"
"Cevennes","68"
"Speedster","68"
"Acclaim","69"
"Barracuda","69"
"Breeze","69"
"Colt","69"
"Grand voyager","69"
"Horizon","69"
"Laser","69"
"Neon","69"
"Prowler","69"
"Reliant","69"
"Road runner","69"
"Sundance","69"
"Volare","69"
"Voyager","69"
"Pickup","70"
"Aztec","71"
"Bonneville","71"
"Fiero","71"
"Firebird","71"
"G6","71"
"Grand am","71"
"Grand prix","71"
"Gto","71"
"Lemans","71"
"Solstice","71"
"Sunbird","71"
"Sunfire","71"
"Tempest","71"
"Trans am","71"
"Trans sport","71"
"Vibe","71"
"356 Speedster","72"
"911","72"
"918 Spyder","72"
"924","72"
"928","72"
"935","72"
"944","72"
"956","72"
"968","72"
"991","72"
"993","72"
"996","72"
"Boxster","72"
"Carrera","72"
"Cayman","72"
"Panamera","72"
"400","73"
"Arena","73"
"Persone","73"
"Satria","73"
"10","74"
"11","74"
"12","74"
"14","74"
"16","74"
"18","74"
"19","74"
"20","74"
"21","74"
"25","74"
"29","74"
"30","74"
"4","74"
"5","74"
"8","74"
"9","74"
"Alpine","74"
"Avantime","74"
"Bakara","74"
"Bulgar","74"
"Captur","74"
"Chamade","74"
"Clio","74"
"Espace","74"
"Express","74"
"Fluence","74"
"Fuego","74"
"Grand espace","74"
"Grand scenic","74"
"Kangoo","74"
"Koleos","74"
"Laguna","74"
"Laguna Coupe","74"
"Latitude","74"
"Megane","74"
"Modus","74"
"Nevada","74"
"Rapid","74"
"Safrane","74"
"Scenic","74"
"Symbol","74"
"Talisman","74"
"Twingo","74"
"Twizy","74"
"Vel satis","74"
"Zoe","74"
"Ghost","75"
"Phantom","75"
"Silver Seraph","75"
"Wraith","75"
"111","76"
"114","76"
"200","76"
"213","76"
"214","76"
"216","76"
"220","76"
"25","76"
"400","76"
"414","76"
"416","76"
"418","76"
"420","76"
"45","76"
"600","76"
"618","76"
"620","76"
"623","76"
"75","76"
"800","76"
"820","76"
"825","76"
"827","76"
"City","76"
"Estate","76"
"Maestro","76"
"Metro","76"
"Mini","76"
"Montego","76"
"Streetwise","76"
"F16","77"
"F440DCI","77"
"Fun Buggy","77"
"Fun Extreem","77"
"Fun Lander","77"
"Fun Quad","77"
"9-3","78"
"9-5","78"
"900","78"
"9000","78"
"LX","79"
"Astra","80"
"Aura","80"
"Sky","80"
"Tc","81"
"Xa","81"
"Xb","81"
"Alhambra","82"
"Altea","82"
"Arosa","82"
"Cordoba","82"
"Exeo","82"
"Fura","82"
"Ibiza","82"
"Inka","82"
"Leon","82"
"Malaga","82"
"Marbella","82"
"Mii","82"
"Ronda","82"
"Terra","82"
"Toledo","82"
"Vario","82"
"Stella","83"
"Noble","84"
"1307","85"
"1308","85"
"1309","85"
"1510","85"
"Aront","85"
"Chrysler","85"
"Horizon","85"
"Shambord","85"
"Solara","85"
"Special","85"
"Versail","85"
"100","86"
"1000","86"
"105","86"
"120","86"
"125","86"
"130","86"
"135","86"
"136","86"
"Citigo","86"
"Fabia","86"
"Favorit","86"
"Felicia","86"
"Forman","86"
"Octavia","86"
"Praktik","86"
"Rapid","86"
"Roomster","86"
"Superb","86"
"Forfour","87"
"Fortwo","87"
"Mc","87"
"Roadster","87"
"Chairman","88"
"Rodius","88"
"1800","89"
"BRZ","89"
"Baja","89"
"E12","89"
"Forester","89"
"G3x justy","89"
"Impreza","89"
"Justy","89"
"Legacy","89"
"Libero","89"
"Outback","89"
"Svx","89"
"Trezia","89"
"Vivio","89"
"XT","89"
"XV","89"
"Alto","90"
"Baleno","90"
"Celerio","90"
"Forenza","90"
"Ignis","90"
"Kizashi","90"
"Liana","90"
"Maruti","90"
"Reno","90"
"SX4","90"
"Sg","90"
"Splash","90"
"Swift","90"
"Wagon r","90"
"1100","91"
"1310","91"
"Horizon","91"
"Matra","91"
"Murena","91"
"Samba","91"
"Simka","91"
"Solara","91"
"Aria","92"
"Estate","92"
"Indica","92"
"Mint","92"
"Nano","92"
".","93"
"Dana","93"
"Kombi","93"
"Slavuta","93"
"Zero","94"
"Fl2850","95"
"Sl3000","95"
"Model 3","96"
"Model S","96"
"Roadster","96"
"Roadster Sport","96"
"Dogan","97"
"Kartal","97"
"Sahin","97"
"Auris","98"
"Avalon","98"
"Avensis","98"
"Avensis verso","98"
"Aygo","98"
"Camry","98"
"Carina","98"
"Celica","98"
"Corolla","98"
"Corolla verso","98"
"Cressida","98"
"Crown","98"
"GT86","98"
"IQ","98"
"Matrix","98"
"Mr2","98"
"Paseo","98"
"Picnic","98"
"Previa","98"
"Prius","98"
"Scion","98"
"Sienna","98"
"Starlet","98"
"Supra","98"
"Tercel","98"
"Verso","98"
"Verso S","98"
"Yaris","98"
"Yaris verso","98"
"600","99"
"601","99"
"Combi","99"
"T 1.1","99"
"Acclaim","100"
"Dolomite","100"
"Herald","100"
"Spitfire","100"
"Stag","100"
"Tr6","100"
"Tr7","100"
"Kiwi","101"
"Rhea","101"
"22","102"
"24","102"
"3110","102"
"3111","102"
"M 20","102"
"M 21","102"
"Siber","102"
"142","103"
"144","103"
"145","103"
"164","103"
"1800 es","103"
"240","103"
"244","103"
"245","103"
"262 c","103"
"264","103"
"340","103"
"343","103"
"344","103"
"345","103"
"360","103"
"440","103"
"460","103"
"480","103"
"66","103"
"740","103"
"744","103"
"745","103"
"760","103"
"765","103"
"770","103"
"780","103"
"850","103"
"940","103"
"960","103"
"C30","103"
"C70","103"
"P 1800","103"
"S40","103"
"S60","103"
"S70","103"
"S80","103"
"V40","103"
"V50","103"
"V60","103"
"V70","103"
"Xc70","103"
"1200","104"
"1300","104"
"1302","104"
"1303","104"
"1500","104"
"1600","104"
"Bora","104"
"CC","104"
"Caddy","104"
"Corrado","104"
"Derby","104"
"Eos","104"
"Fox","104"
"Golf","104"
"Golf Plus","104"
"Golf Variant","104"
"Jetta","104"
"K 70","104"
"Karmann-ghia","104"
"Lupo","104"
"Multivan","104"
"New beetle","104"
"Passat","104"
"Passat CC","104"
"Phaeton","104"
"Polo","104"
"Rabbit","104"
"Santana","104"
"Scirocco","104"
"Sharan","104"
"Touran","104"
"Up","104"
"Vento","104"
"223","105"
"232","105"
"1.3","106"
"311","106"
"312","106"
"353","106"
"Gt","107"
"Mf3","107"
"Mf4","107"
"Mf5","107"
"XS-D055","108"
"600","109"
"750","109"
"Florida","109"
"Gt 55","109"
"Koral","109"
"Miami","109"
"Yugo 45","109"
"1102","110"
"1103","110"
"1105","110"
"965","110"
"966","110"
"968","110"
"Tavria","110"
"М","112"
"С","113"
"М","114"
"Qashqai", "63"